<?xml version="1.0" encoding="UTF-8"?>
<project-private xmlns="http://www.netbeans.org/ns/project-private/1">
    <editor-bookmarks xmlns="http://www.netbeans.org/ns/editor-bookmarks/2" lastBookmarkId="0"/>
    <open-files xmlns="http://www.netbeans.org/ns/projectui-open-files/2">
        <group>
            <file>file:/C:/Users/Administrator/Desktop/Project%20Pemalas/Look%20Up%20Student/src/look/up/student/LookUpStudent.java</file>
            <file>file:/C:/Users/Administrator/Desktop/Project%20Pemalas/Look%20Up%20Student/src/look/up/student/formLogin.java</file>
        </group>
    </open-files>
</project-private>
